PT_ID,SCHOOL,ZONE,CLUSTER,GROUP_ID,PRI,SEC,PT_ID,latitude,longitude,LEVEL,ENROLMENT,2016_O,2016_SO,2016_OSO,2017_O,2017_SO,2017_OSO,2018_O,2018_SO,2018_OSO,2019_O,2019_SO,2019_OSO,2020_O,2020_SO,2020_OSO,2022_O,2022_SO,2022_OSO,2023_O,2023_SO,2023_OSO
1,ELIAS PARK PRIMARY SCHOOL,EAST,E1,1,1,0,1,1.375,103.9452,PRIMARY,1089,118,34,152,124,28,152,#N/A,#N/A,#N/A,89,13,102,90,20,110,101,29,130,87,15,102
2,HAI SING CATHOLIC SCHOOL,EAST,E1,1,0,1,2,1.3745734,103.9551579,SECONDARY,1076,114,43,157,124,34,158,127,39,166,115,40,155,120,42,162,142,43,185,86,46,132
3,LOYANG VIEW SECONDARY SCHOOL,EAST,E1,1,0,1,3,1.3664422,103.9575296,SECONDARY,807,189,94,283,125,56,181,123,54,177,123,27,150,137,44,181,148,76,224,119,60,179
4,MERIDIAN PRIMARY SCHOOL,EAST,E1,1,1,0,4,1.37603155,103.9351592,PRIMARY,871,102,35,137,89,21,110,#N/A,#N/A,#N/A,79,21,100,72,28,100,95,37,132,81,38,119
5,MERIDIAN SECONDARY SCHOOL,EAST,E1,1,0,1,5,1.36757525,103.9489427,SECONDARY,1059,164,94,258,139,73,212,121,57,178,104,55,159,102,54,156,105,56,161,96,38,134
6,PASIR RIS CREST SECONDARY SCHOOL,EAST,E1,1,0,1,6,1.37271,103.959761,SECONDARY,1077,106,48,154,102,46,148,115,38,153,123,60,183,95,59,154,102,73,175,81,55,136
7,PUNGGOL COVE PRIMARY SCHOOL,EAST,E1,1,1,0,7,1.41177135,103.8992443,PRIMARY,1688,9,8,17,30,6,36,#N/A,#N/A,#N/A,75,25,100,113,49,162,213,86,299,150,64,214
8,PUNGGOL GREEN PRIMARY SCHOOL,EAST,E1,1,1,0,8,1.40195935,103.8985497,PRIMARY,1607,71,25,96,94,34,128,#N/A,#N/A,#N/A,124,38,162,131,43,174,153,64,217,132,43,175
9,PUNGGOL VIEW PRIMARY SCHOOL,EAST,E1,1,1,0,9,1.40532215,103.9052658,PRIMARY,1605,111,45,156,82,31,113,#N/A,#N/A,#N/A,127,40,167,146,41,187,177,63,240,152,44,196
10,VALOUR PRIMARY SCHOOL,EAST,E1,1,1,0,10,1.4072779,103.8988557,PRIMARY,#N/A,#N/A,#N/A,#N/A,#N/A,#N/A,#N/A,#N/A,#N/A,#N/A,#N/A,#N/A,#N/A,9,0,9,77,36,113,70,27,97
11,YUSOF ISHAK SECONDARY SCHOOL,EAST,E1,1,0,1,11,1.4071,103.8965,SECONDARY,993,66,29,95,38,23,61,40,19,59,31,13,44,31,13,44,34,16,50,58,24,82
12,BEDOK GREEN PRIMARY SCHOOL,EAST,E2,2,1,0,12,1.3237085,103.9378554,PRIMARY,1421,148,62,210,133,26,159,#N/A,#N/A,#N/A,143,37,180,144,48,192,151,74,225,152,53,205
13,BEDOK GREEN SECONDARY SCHOOL,EAST,E2,2,0,1,13,1.334061,103.9358583,SECONDARY,1065,158,64,222,152,56,208,150,48,198,129,53,182,131,67,198,126,65,191,126,65,191
14,BEDOK SOUTH SECONDARY SCHOOL,EAST,E2,2,0,1,14,1.3255597,103.9510283,SECONDARY,1083,140,48,188,117,48,165,119,45,164,114,36,150,113,57,170,130,57,187,93,50,143
15,BEDOK VIEW SECONDARY SCHOOL,EAST,E2,2,0,1,15,1.32449075,103.9435422,SECONDARY,988,125,52,177,112,39,151,108,40,148,103,47,150,97,44,141,121,50,171,95,45,140
16,FENGSHAN PRIMARY SCHOOL,EAST,E2,2,1,0,16,1.3300987,103.9318825,PRIMARY,1184,144,74,218,135,67,202,#N/A,#N/A,#N/A,123,45,168,136,58,194,154,71,225,102,63,165
17,JUNYUAN PRIMARY SCHOOL,EAST,E2,2,1,0,17,1.347782,103.9393972,PRIMARY,1351,151,65,216,163,55,218,#N/A,#N/A,#N/A,170,66,236,149,72,221,129,67,196,93,51,144
18,POI CHING SCHOOL,EAST,E2,2,1,0,18,1.3577705,103.9354999,PRIMARY,1426,128,23,151,100,22,122,#N/A,#N/A,#N/A,110,23,133,118,21,139,129,27,156,101,22,123
19,RED SWASTIKA SCHOOL,EAST,E2,2,1,0,19,1.3336412,103.9346186,PRIMARY,1423,112,23,135,104,16,120,#N/A,#N/A,#N/A,105,15,120,105,17,122,139,29,168,114,21,135
20,TEMASEK PRIMARY SCHOOL,EAST,E2,2,1,0,20,1.31776147,103.9454555,PRIMARY,1234,175,60,235,141,25,166,#N/A,#N/A,#N/A,113,22,135,110,24,134,127,33,160,102,31,133
21,TEMASEK SECONDARY SCHOOL,EAST,E2,2,0,1,21,1.3163525,103.9478003,SECONDARY,1080,116,50,166,128,50,178,125,40,165,100,50,150,110,54,164,106,46,152,84,33,117
22,YU NENG PRIMARY SCHOOL,EAST,E2,2,1,0,22,1.33420445,103.9328103,PRIMARY,1159,89,44,133,96,29,125,#N/A,#N/A,#N/A,92,38,130,98,30,128,128,39,167,101,26,127
23,ANGSANA PRIMARY SCHOOL,EAST,E3,3,1,0,23,1.363118388,103.9390041,PRIMARY,1255,74,43,117,73,29,102,#N/A,#N/A,#N/A,56,24,80,58,19,77,116,38,154,93,34,127
24,CHONGZHENG PRIMARY SCHOOL,EAST,E3,3,1,0,24,1.35054425,103.9509206,PRIMARY,1165,89,35,124,91,36,127,#N/A,#N/A,#N/A,107,32,139,102,46,148,122,61,183,101,45,146
25,DUNMAN SECONDARY SCHOOL,EAST,E3,3,0,1,25,1.36116845,103.9560139,SECONDARY,1066,130,53,183,128,44,172,134,49,183,108,51,159,108,52,160,132,64,196,112,54,166
26,EAST SPRING PRIMARY SCHOOL,EAST,E3,3,1,0,26,1.3528815,103.9619173,PRIMARY,1167,122,43,165,118,43,161,#N/A,#N/A,#N/A,118,32,150,130,41,171,142,47,189,119,40,159
27,EAST SPRING SECONDARY SCHOOL,EAST,E3,3,0,1,27,1.35697385,103.9610806,SECONDARY,951,127,51,178,150,52,202,142,43,185,147,75,222,144,76,220,119,88,207,121,63,184
28,FERN GREEN PRIMARY SCHOOL,EAST,E3,3,1,0,28,1.397140977,103.8797444,PRIMARY,1604,#N/A,#N/A,#N/A,#N/A,#N/A,#N/A,#N/A,#N/A,#N/A,42,9,51,66,31,97,161,65,226,150,59,209
29,GONGSHANG PRIMARY SCHOOL,EAST,E3,3,1,0,29,1.3572,103.9492,PRIMARY,1371,139,30,169,135,28,163,#N/A,#N/A,#N/A,114,28,142,127,32,159,152,50,202,117,49,166
30,JUNYUAN SECONDARY SCHOOL,EAST,E3,3,0,1,30,1.35317525,103.9335447,SECONDARY,1012,137,71,208,158,63,221,140,72,212,149,71,220,152,86,238,146,87,233,102,69,171
31,SENGKANG GREEN PRIMARY SCHOOL,EAST,E3,3,1,0,31,1.39288245,103.8748036,PRIMARY,1674,73,26,99,105,31,136,#N/A,#N/A,#N/A,136,40,176,114,46,160,159,76,235,104,56,160
32,SPRINGDALE PRIMARY SCHOOL,EAST,E3,3,1,0,32,1.39500145,103.8897759,PRIMARY,1633,73,16,89,74,14,88,#N/A,#N/A,#N/A,107,24,131,128,30,158,172,60,232,134,37,171
33,SPRINGFIELD SECONDARY SCHOOL,EAST,E3,3,0,1,33,1.34999395,103.9299857,SECONDARY,810,99,55,154,81,37,118,84,28,112,77,26,103,75,35,110,109,47,156,63,38,101
34,YUMIN PRIMARY SCHOOL,EAST,E3,3,1,0,34,1.3512643,103.9508735,PRIMARY,1127,97,38,135,95,36,131,#N/A,#N/A,#N/A,92,35,127,88,37,125,129,50,179,93,59,152
35,ANGLICAN HIGH SCHOOL,EAST,E4,4,0,1,35,1.33021825,103.9417594,SECONDARY,1284,75,28,103,84,24,108,87,21,108,78,23,101,73,19,92,69,13,82,47,16,63
36,CHANGKAT CHANGI SECONDARY SCHOOL,EAST,E4,4,0,1,36,1.3404936,103.9529718,SECONDARY,905,95,50,145,78,38,116,71,46,117,78,40,118,90,47,137,127,59,186,113,47,160
37,CHANGKAT PRIMARY SCHOOL,EAST,E4,4,1,0,37,1.33982335,103.9522753,PRIMARY,1040,123,33,156,110,22,132,#N/A,#N/A,#N/A,122,34,156,111,32,143,117,35,152,81,25,106
38,CHUNG CHENG HIGH (MAIN) SCHOOL,EAST,E4,4,0,1,38,1.3053551,103.8917708,SECONDARY,1286,91,20,111,94,15,109,83,14,97,81,14,95,92,18,110,126,30,156,68,23,91
39,DAMAI PRIMARY SCHOOL,EAST,E4,4,1,0,39,1.3354514,103.9213901,PRIMARY,978,38,30,68,61,27,88,#N/A,#N/A,#N/A,101,29,130,88,27,115,102,31,133,84,36,120
40,DAMAI SECONDARY SCHOOL,EAST,E4,4,0,1,40,1.337598,103.9268202,SECONDARY,633,124,62,186,113,54,167,130,70,200,96,48,144,114,57,171,91,60,151,71,42,113
41,DUNMAN HIGH SCHOOL,EAST,E4,4,0,1,41,1.2994032,103.882215,SECONDARY,1220,89,16,105,85,11,96,93,5,98,100,15,115,105,14,119,140,36,176,61,14,75
42,KONG HWA SCHOOL,EAST,E4,4,1,0,42,1.3111918,103.8878575,PRIMARY,1628,120,27,147,126,15,141,#N/A,#N/A,#N/A,134,17,151,138,30,168,148,48,196,121,27,148
43,ST. ANTHONY'S CANOSSIAN PRIMARY SCHOOL,EAST,E4,4,1,0,43,1.3349316,103.9408662,PRIMARY,1219,101,24,125,96,20,116,#N/A,#N/A,#N/A,105,22,127,107,28,135,123,30,153,86,29,115
44,ST. ANTHONY'S CANOSSIAN SECONDARY SCHOOL,EAST,E4,4,0,1,44,1.334946,103.9423636,SECONDARY,1037,117,63,180,98,61,159,94,49,143,81,48,129,77,51,128,88,56,144,66,48,114
45,TELOK KURAU PRIMARY SCHOOL,EAST,E4,4,1,0,45,1.3308798,103.9113156,PRIMARY,1591,136,68,204,130,52,182,#N/A,#N/A,#N/A,138,47,185,134,43,177,133,61,194,160,61,221
46,BROADRICK SECONDARY SCHOOL,EAST,E5,5,0,1,46,1.30726495,103.8868866,SECONDARY,999,60,38,98,108,46,154,88,27,115,90,35,125,112,37,149,116,61,177,103,52,155
47,CANOSSA CATHOLIC PRIMARY SCHOOL,EAST,E5,5,1,0,47,1.3265886,103.8817147,PRIMARY,756,70,22,92,48,15,63,#N/A,#N/A,#N/A,45,14,59,57,18,75,76,27,103,52,23,75
48,GEYLANG METHODIST SCHOOL (PRI),EAST,E5,5,1,0,48,1.3182,103.8838,PRIMARY,1668,181,61,242,187,54,241,#N/A,#N/A,#N/A,179,55,234,154,46,200,210,85,295,177,64,241
49,GEYLANG METHODIST SCHOOL (SEC),EAST,E5,5,0,1,49,1.31760385,103.8832512,SECONDARY,1099,105,64,169,105,53,158,124,47,171,110,43,153,116,45,161,117,54,171,93,51,144
50,HAIG GIRLS' SCHOOL,EAST,E5,5,1,0,50,1.31187845,103.9025669,PRIMARY,1136,84,30,114,72,22,94,#N/A,#N/A,#N/A,76,16,92,59,25,84,100,28,128,88,25,113
51,PAYA LEBAR METHODIST GIRLS' SCHOOL (PRI),EAST,E5,5,1,0,51,1.34993195,103.8849238,PRIMARY,1659,125,35,160,122,29,151,#N/A,#N/A,#N/A,126,27,153,121,23,144,107,27,134,104,15,119
52,PAYA LEBAR METHODIST GIRLS' SCHOOL (SEC),EAST,E5,5,0,1,52,1.351416924,103.8848579,SECONDARY,1277,94,38,132,110,32,142,107,44,151,110,49,159,105,55,160,108,61,169,99,55,154
53,TANJONG KATONG GIRLS' SCHOOL,EAST,E5,5,0,1,53,1.309094441,103.8962217,SECONDARY,976,89,30,119,72,25,97,98,21,119,102,28,130,89,28,117,86,32,118,#N/A,#N/A,#N/A
54,TANJONG KATONG PRIMARY SCHOOL,EAST,E5,5,1,0,54,1.30532425,103.9004551,PRIMARY,1237,142,54,196,132,46,178,#N/A,#N/A,#N/A,162,29,191,144,29,173,147,42,189,96,21,117
55,TANJONG KATONG SECONDARY SCHOOL,EAST,E5,5,0,1,55,1.30874385,103.8972354,SECONDARY,977,74,24,98,88,14,102,84,22,106,78,18,96,81,15,96,87,21,108,52,17,69
56,CASUARINA PRIMARY SCHOOL,EAST,E6,6,1,0,56,1.3728079,103.9572279,PRIMARY,1039,77,40,117,86,31,117,#N/A,#N/A,#N/A,131,37,168,116,60,176,152,59,211,112,40,152
57,NGEE ANN SECONDARY SCHOOL,EAST,E6,6,0,1,57,1.3543069,103.9566528,SECONDARY,1102,147,62,209,130,35,165,134,42,176,128,44,172,127,41,168,149,47,196,127,29,156
58,OASIS PRIMARY SCHOOL,EAST,E6,6,1,0,58,1.40465295,103.9109764,PRIMARY,1618,11,5,16,27,8,35,#N/A,#N/A,#N/A,81,20,101,112,48,160,161,52,213,125,43,168
59,PARK VIEW PRIMARY SCHOOL,EAST,E6,6,1,0,59,1.3776122,103.9392671,PRIMARY,1120,85,34,119,64,22,86,#N/A,#N/A,#N/A,61,9,70,81,11,92,129,33,162,103,18,121
60,PASIR RIS PRIMARY SCHOOL,EAST,E6,6,1,0,60,1.37215285,103.9630263,PRIMARY,1145,66,35,101,68,30,98,#N/A,#N/A,#N/A,89,24,113,94,27,121,102,42,144,94,38,132
61,PASIR RIS SECONDARY SCHOOL,EAST,E6,6,0,1,61,1.35470585,103.9485272,SECONDARY,1088,119,38,157,118,36,154,137,32,169,117,37,154,129,45,174,112,49,161,80,47,127
62,ST. HILDA'S PRIMARY SCHOOL,EAST,E6,6,1,0,62,1.3493751,103.9365936,PRIMARY,1718,126,46,172,121,41,162,#N/A,#N/A,#N/A,156,44,200,146,46,192,151,74,225,129,43,172
63,ST. HILDA'S SECONDARY SCHOOL,EAST,E6,6,0,1,63,1.350089,103.9369951,SECONDARY,1042,115,49,164,100,45,145,100,33,133,110,32,142,126,41,167,150,63,213,100,49,149
64,TAMPINES NORTH PRIMARY SCHOOL,EAST,E6,6,1,0,64,1.3605548,103.9490661,PRIMARY,1402,83,31,114,94,30,124,#N/A,#N/A,#N/A,104,36,140,123,36,159,156,58,214,136,40,176
65,TAMPINES PRIMARY SCHOOL,EAST,E6,6,1,0,65,1.3503174,103.9439019,PRIMARY,1359,122,50,172,102,41,143,#N/A,#N/A,#N/A,104,32,136,101,35,136,125,59,184,109,38,147
66,TAMPINES SECONDARY SCHOOL,EAST,E6,6,0,1,66,1.3494462,103.9441023,SECONDARY,1054,101,78,179,105,67,172,132,59,191,130,50,180,137,68,205,146,72,218,116,56,172
67,WATERWAY PRIMARY SCHOOL,EAST,E6,6,1,0,67,1.39924075,103.9183743,PRIMARY,1718,7,3,10,18,3,21,#N/A,#N/A,#N/A,69,18,87,97,20,117,165,55,220,126,54,180
68,WHITE SANDS PRIMARY SCHOOL,EAST,E6,6,1,0,68,1.36547295,103.9612546,PRIMARY,1119,100,54,154,79,27,106,#N/A,#N/A,#N/A,138,50,188,136,56,192,130,51,181,115,33,148
69,CEDAR GIRLS' SECONDARY SCHOOL,EAST,E7,7,0,1,69,1.33422015,103.8742312,SECONDARY,1210,73,21,94,81,21,102,85,19,104,90,20,110,97,20,117,104,24,128,77,16,93
70,CHIJ (KATONG),EAST,E7,7,1,0,70,1.30643785,103.910832,PRIMARY,1189,103,24,127,105,27,132,#N/A,#N/A,#N/A,98,17,115,88,27,115,83,37,120,83,21,104
71,CHIJ KATONG CONVENT,EAST,E7,7,0,1,71,1.30633255,103.9177829,SECONDARY,1021,105,59,164,94,39,133,114,36,150,106,40,146,97,40,137,95,56,151,86,43,129
72,MAHA BODHI SCHOOL,EAST,E7,7,1,0,72,1.3284777,103.9015345,PRIMARY,1938,171,48,219,133,18,151,#N/A,#N/A,#N/A,183,36,219,157,46,203,193,68,261,171,71,242
73,MANJUSRI SECONDARY SCHOOL,EAST,E7,7,0,1,73,1.32756135,103.9017139,SECONDARY,1054,131,60,191,148,62,210,132,59,191,114,49,163,129,44,173,149,50,199,101,37,138
74,NGEE ANN PRIMARY SCHOOL,EAST,E7,7,1,0,74,1.30554595,103.9179525,PRIMARY,1445,118,39,157,128,31,159,#N/A,#N/A,#N/A,126,30,156,135,33,168,159,46,205,124,22,146
75,OPERA ESTATE PRIMARY SCHOOL,EAST,E7,7,1,0,75,1.3196642,103.923766,PRIMARY,995,76,25,101,75,22,97,#N/A,#N/A,#N/A,#N/A,#N/A,#N/A,74,19,93,93,33,126,75,31,106
76,ST. PATRICK'S SCHOOL,EAST,E7,7,0,1,76,1.3079723,103.917371,SECONDARY,1028,150,56,206,154,45,199,136,46,182,153,53,206,144,53,197,148,60,208,97,32,129
77,ST. STEPHEN'S PRIMARY SCHOOL,EAST,E7,7,1,0,77,1.318257,103.9182735,PRIMARY,1460,134,26,160,127,25,152,#N/A,#N/A,#N/A,118,25,143,116,30,146,147,32,179,150,43,193
78,TAO NAN SCHOOL,EAST,E7,7,1,0,78,1.305120419,103.9114018,PRIMARY,2246,134,22,156,143,12,155,#N/A,#N/A,#N/A,140,10,150,157,24,181,160,44,204,142,22,164
79,VICTORIA SCHOOL,EAST,E7,7,0,1,79,1.30854205,103.9274578,SECONDARY,1303,100,16,116,87,8,95,83,10,93,78,8,86,86,13,99,90,20,110,70,12,82
80,BOWEN SECONDARY SCHOOL,NORTH,N1,8,0,1,80,1.37088385,103.8776018,SECONDARY,1149,123,45,168,124,35,159,113,44,157,104,52,156,111,65,176,124,61,185,96,61,157
81,CHIJ ST. JOSEPH'S CONVENT,NORTH,N1,8,0,1,81,1.39185175,103.9024866,SECONDARY,1250,134,48,182,138,48,186,131,56,187,149,59,208,167,66,233,153,64,217,138,56,194
82,NORTH VISTA PRIMARY SCHOOL,NORTH,N1,8,1,0,82,1.3828948,103.8959771,PRIMARY,1480,125,37,162,112,36,148,#N/A,#N/A,#N/A,138,32,170,138,33,171,178,48,226,128,27,155
83,NORTH VISTA SECONDARY SCHOOL,NORTH,N1,8,0,1,83,1.38173725,103.8987395,SECONDARY,1221,122,54,176,125,42,167,133,52,185,124,40,164,112,60,172,138,61,199,89,42,131
84,PALM VIEW PRIMARY SCHOOL,NORTH,N1,8,1,0,84,1.3840612,103.8912122,PRIMARY,1532,43,18,61,70,17,87,#N/A,#N/A,#N/A,85,14,99,90,25,115,123,57,180,114,46,160
85,RIVERVALE PRIMARY SCHOOL,NORTH,N1,8,1,0,85,1.39365955,103.9046125,PRIMARY,1370,175,47,222,150,31,181,#N/A,#N/A,#N/A,151,38,189,153,49,202,172,57,229,125,44,169
86,ROSYTH SCHOOL,NORTH,N1,8,1,0,86,1.3728695,103.8745093,PRIMARY,1863,160,37,197,209,51,260,#N/A,#N/A,#N/A,168,28,196,148,26,174,194,57,251,169,30,199
87,SENG KANG PRIMARY SCHOOL,NORTH,N1,8,1,0,87,1.3894052,103.8993262,PRIMARY,1311,152,51,203,136,40,176,#N/A,#N/A,#N/A,125,25,150,132,38,170,130,49,179,136,57,193
88,SENG KANG SECONDARY SCHOOL,NORTH,N1,8,0,1,88,1.3864773,103.8986809,SECONDARY,1165,103,71,174,107,47,154,128,47,175,128,51,179,122,66,188,115,56,171,79,48,127
89,XINMIN PRIMARY SCHOOL,NORTH,N1,8,1,0,89,1.3714019,103.8831786,PRIMARY,1355,143,48,191,137,41,178,#N/A,#N/A,#N/A,150,42,192,142,45,187,163,65,228,158,61,219
90,XINMIN SECONDARY SCHOOL,NORTH,N1,8,0,1,90,1.3725582,103.8829282,SECONDARY,1294,104,39,143,100,22,122,95,25,120,79,35,114,82,39,121,96,55,151,82,40,122
91,AHMAD IBRAHIM PRIMARY SCHOOL,NORTH,N2,9,1,0,91,1.4338487,103.8327098,PRIMARY,1172,128,49,177,121,32,153,#N/A,#N/A,#N/A,125,41,166,117,49,166,155,84,239,140,57,197
92,CHONGFU SCHOOL,NORTH,N2,9,1,0,92,1.4387276,103.8392901,PRIMARY,1855,167,53,220,169,39,208,#N/A,#N/A,#N/A,174,46,220,179,53,232,218,76,294,183,48,231
93,CHUNG CHENG HIGH (YISHUN) SCHOOL,NORTH,N2,9,0,1,93,1.41910045,103.8372873,SECONDARY,1151,116,31,147,93,26,119,94,27,121,97,29,126,104,32,136,112,50,162,95,46,141
94,ENDEAVOUR PRIMARY SCHOOL,NORTH,N2,9,1,0,94,1.45442995,103.8175792,PRIMARY,1381,147,42,189,115,31,146,#N/A,#N/A,#N/A,122,36,158,140,41,181,148,77,225,119,47,166
95,JIEMIN PRIMARY SCHOOL,NORTH,N2,9,1,0,95,1.427356086,103.8304094,PRIMARY,1290,135,56,191,125,40,165,#N/A,#N/A,#N/A,140,29,169,147,42,189,150,72,222,142,66,208
96,NAVAL BASE SECONDARY SCHOOL,NORTH,N2,9,0,1,96,1.4192307,103.8309876,SECONDARY,1094,132,57,189,138,59,197,129,51,180,135,56,191,122,60,182,147,87,234,120,65,185
97,NORTHLAND PRIMARY SCHOOL,NORTH,N2,9,1,0,97,1.4212034,103.840584,PRIMARY,1444,119,48,167,117,38,155,#N/A,#N/A,#N/A,142,50,192,134,46,180,179,63,242,138,44,182
98,NORTHLAND SECONDARY SCHOOL,NORTH,N2,9,0,1,98,1.43571045,103.8407195,SECONDARY,920,69,52,121,116,60,176,109,54,163,95,49,144,98,55,153,119,62,181,94,53,147
99,NORTHOAKS PRIMARY SCHOOL,NORTH,N2,9,1,0,99,1.4569506,103.8135393,PRIMARY,824,35,6,41,62,23,85,#N/A,#N/A,#N/A,72,22,94,68,14,82,95,47,142,70,28,98
100,SINGAPORE CHINESE GIRLS' SCHOOL (PRI),NORTH,N2,9,1,0,100,1.32107125,103.8275742,PRIMARY,1177,80,20,100,80,13,93,#N/A,#N/A,#N/A,58,15,73,65,24,89,35,18,53,49,19,68
101,SINGAPORE CHINESE GIRLS' SCHOOL (SEC),NORTH,N2,9,0,1,101,1.32107125,103.8275742,SECONDARY,1082,50,20,70,50,17,67,52,10,62,51,9,60,52,16,68,59,20,79,49,20,69
102,XISHAN PRIMARY SCHOOL,NORTH,N2,9,1,0,102,1.43343,103.8377866,PRIMARY,1327,99,50,149,107,36,143,#N/A,#N/A,#N/A,126,41,167,132,51,183,182,71,253,123,62,185
103,YISHUN SECONDARY SCHOOL,NORTH,N2,9,0,1,103,1.42793975,103.8290283,SECONDARY,1158,139,67,206,142,58,200,147,38,185,138,61,199,128,43,171,130,64,194,107,56,163
104,YISHUN TOWN SECONDARY SCHOOL,NORTH,N2,9,0,1,104,1.43266455,103.8378851,SECONDARY,1188,134,32,166,129,25,154,106,29,135,110,32,142,95,34,129,115,45,160,86,46,132
105,ANCHOR GREEN PRIMARY SCHOOL,NORTH,N3,10,1,0,105,1.3903798,103.8873538,PRIMARY,1461,146,39,185,139,32,171,#N/A,#N/A,#N/A,129,28,157,126,37,163,184,62,246,156,32,188
106,ANDERSON SECONDARY SCHOOL,NORTH,N3,10,0,1,106,1.37541705,103.8517227,SECONDARY,1074,134,42,176,123,32,155,115,36,151,114,43,157,111,26,137,101,33,134,84,20,104
107,CATHOLIC HIGH SCHOOL (PRI),NORTH,N3,10,1,0,107,1.35481825,103.8450016,PRIMARY + SECONDARY,2762,242,43,285,207,30,237,84,9,93,193,28,221,238,36,274,289,67,356,202,53,255
108,CATHOLIC HIGH SCHOOL (SEC),NORTH,N3,10,0,1,108,1.35481825,103.8450016,PRIMARY + SECONDARY,2762,242,43,285,207,30,237,84,9,93,193,28,221,238,36,274,289,67,356,202,53,255
109,COMPASSVALE PRIMARY SCHOOL,NORTH,N3,10,1,0,109,1.39418,103.897901,PRIMARY,1427,104,52,156,109,29,138,#N/A,#N/A,#N/A,121,27,148,107,36,143,148,40,188,105,23,128
110,COMPASSVALE SECONDARY SCHOOL,NORTH,N3,10,0,1,110,1.39675715,103.9001974,SECONDARY,1272,123,60,183,137,35,172,127,56,183,131,64,195,164,66,230,166,72,238,115,60,175
111,EDGEFIELD PRIMARY SCHOOL,NORTH,N3,10,1,0,111,1.40035115,103.907493,PRIMARY,1440,110,41,151,135,43,178,#N/A,#N/A,#N/A,132,51,183,137,55,192,138,57,195,134,42,176
112,EDGEFIELD SECONDARY SCHOOL,NORTH,N3,10,0,1,112,1.40019645,103.9023095,SECONDARY,1271,99,58,157,97,45,142,97,46,143,98,41,139,83,47,130,135,55,190,102,35,137
113,FERNVALE PRIMARY SCHOOL,NORTH,N3,10,1,0,113,1.38997975,103.8740776,PRIMARY,1535,163,58,221,153,46,199,#N/A,#N/A,#N/A,139,51,190,119,44,163,160,70,230,132,45,177
114,HOUGANG PRIMARY SCHOOL,NORTH,N3,10,1,0,114,1.3783581,103.881072,PRIMARY,1292,161,43,204,130,32,162,#N/A,#N/A,#N/A,123,35,158,112,43,155,127,53,180,61,40,101
115,HOUGANG SECONDARY SCHOOL,NORTH,N3,10,0,1,115,1.37776255,103.8824589,SECONDARY,1126,141,70,211,136,56,192,127,46,173,132,61,193,143,61,204,128,82,210,111,63,174
116,PEI HWA SECONDARY SCHOOL,NORTH,N3,10,0,1,116,1.39075955,103.878184,SECONDARY,1296,139,50,189,131,42,173,129,43,172,128,46,174,134,45,179,134,55,189,85,36,121
117,SERANGOON SECONDARY SCHOOL,NORTH,N3,10,0,1,117,1.3749592,103.9020458,SECONDARY,1237,150,71,221,139,59,198,128,60,188,151,62,213,157,68,225,164,68,232,106,66,172
118,YIO CHU KANG PRIMARY SCHOOL,NORTH,N3,10,1,0,118,1.37791475,103.8854613,PRIMARY,1183,89,48,137,107,47,154,#N/A,#N/A,#N/A,100,26,126,104,41,145,137,74,211,138,61,199
119,GREENDALE PRIMARY SCHOOL,NORTH,N4,11,1,0,119,1.3961911,103.9126887,PRIMARY,1383,145,58,203,163,38,201,#N/A,#N/A,#N/A,155,46,201,146,74,220,157,86,243,118,66,184
120,GREENDALE SECONDARY SCHOOL,NORTH,N4,11,0,1,120,1.397582,103.9115751,SECONDARY,1260,123,60,183,124,49,173,145,61,206,145,50,195,142,45,187,141,43,184,102,41,143
121,HORIZON PRIMARY SCHOOL,NORTH,N4,11,1,0,121,1.3999704,103.9130699,PRIMARY,1572,136,40,176,129,35,164,#N/A,#N/A,#N/A,137,30,167,128,28,156,149,34,183,129,38,167
122,MARIS STELLA HIGH SCHOOL (PRI),NORTH,N4,11,1,0,122,1.34201595,103.8782516,PRIMARY + SECONDARY,2899,330,69,399,304,42,346,116,20,136,254,42,296,242,45,287,355,63,418,226,43,269
123,MARIS STELLA HIGH SCHOOL (SEC),NORTH,N4,11,0,1,123,1.3411,103.8777,PRIMARY + SECONDARY,2899,330,69,399,304,42,346,116,20,136,254,42,296,242,45,287,355,63,418,226,43,269
124,MEE TOH SCHOOL,NORTH,N4,11,1,0,124,1.394834,103.9086538,PRIMARY,1920,173,55,228,169,46,215,#N/A,#N/A,#N/A,176,35,211,180,41,221,223,54,277,175,31,206
125,MONTFORT JUNIOR SCHOOL,NORTH,N4,11,1,0,125,1.37465235,103.8895368,PRIMARY,786,136,46,182,112,24,136,#N/A,#N/A,#N/A,78,26,104,64,23,87,106,20,126,92,14,106
126,MONTFORT SECONDARY SCHOOL,NORTH,N4,11,0,1,126,1.37383325,103.8887952,SECONDARY,1217,129,52,181,120,33,153,136,41,177,125,54,179,150,45,195,180,58,238,134,39,173
127,NAN CHIAU HIGH SCHOOL,NORTH,N4,11,0,1,127,1.3894693,103.8900833,SECONDARY,1198,84,11,95,63,14,77,60,9,69,80,17,97,90,17,107,111,19,130,81,22,103
128,NAN CHIAU PRIMARY SCHOOL,NORTH,N4,11,1,0,128,1.39202675,103.8910424,PRIMARY,1874,98,13,111,138,26,164,#N/A,#N/A,#N/A,171,31,202,179,28,207,200,38,238,161,20,181
129,NORTH SPRING PRIMARY SCHOOL,NORTH,N4,11,1,0,129,1.3876014,103.9037892,PRIMARY,1334,169,55,224,138,27,165,#N/A,#N/A,#N/A,132,30,162,123,36,159,169,51,220,107,32,139
130,PUNGGOL SECONDARY SCHOOL,NORTH,N4,11,0,1,130,1.40239815,103.9091468,SECONDARY,1300,156,64,220,143,50,193,147,38,185,143,56,199,146,65,211,137,70,207,99,48,147
131,ADMIRALTY PRIMARY SCHOOL,NORTH,N5,12,1,0,131,1.4429414,103.8003451,PRIMARY,1279,164,42,206,123,40,163,#N/A,#N/A,#N/A,136,30,166,123,37,160,121,41,162,113,30,143
132,EVERGREEN PRIMARY SCHOOL,NORTH,N5,12,1,0,132,1.44383025,103.7947361,PRIMARY,1253,179,85,264,162,61,223,#N/A,#N/A,#N/A,155,67,222,154,55,209,170,58,228,129,56,185
133,EVERGREEN SECONDARY SCHOOL,NORTH,N5,12,0,1,133,1.44173915,103.7940238,SECONDARY,1132,122,66,188,123,52,175,112,37,149,125,41,166,130,48,178,112,61,173,127,40,167
134,GREENWOOD PRIMARY SCHOOL,NORTH,N5,12,1,0,134,1.4399652,103.8047573,PRIMARY,1415,122,79,201,133,58,191,#N/A,#N/A,#N/A,152,46,198,148,42,190,184,79,263,142,48,190
135,MARSILING PRIMARY SCHOOL,NORTH,N5,12,1,0,135,1.43412565,103.77337,PRIMARY,1085,111,73,184,121,51,172,#N/A,#N/A,#N/A,67,48,115,111,48,159,114,49,163,111,46,157
136,MARSILING SECONDARY SCHOOL,NORTH,N5,12,0,1,136,1.43731895,103.7759431,SECONDARY,729,121,70,191,129,79,208,104,65,169,84,56,140,82,54,136,116,73,189,82,58,140
137,QIHUA PRIMARY SCHOOL,NORTH,N5,12,1,0,137,1.4420502,103.7883337,PRIMARY,1240,177,92,269,151,67,218,#N/A,#N/A,#N/A,163,57,220,160,47,207,173,78,251,131,62,193
138,RIVERSIDE SECONDARY SCHOOL,NORTH,N5,12,0,1,138,1.44098195,103.7881434,SECONDARY,1186,129,54,183,135,46,181,114,37,151,140,54,194,122,52,174,131,64,195,116,66,182
139,SPECTRA SECONDARY SCHOOL,NORTH,N5,12,0,1,139,1.43640725,103.8042836,SECONDARY,825,57,41,98,83,40,123,68,47,115,90,47,137,98,53,151,100,91,191,95,79,174
140,WOODGROVE PRIMARY SCHOOL,NORTH,N5,12,1,0,140,1.4331096,103.790305,PRIMARY,1122,139,59,198,133,58,191,#N/A,#N/A,#N/A,145,49,194,132,28,160,129,50,179,106,46,152
141,WOODLANDS RING PRIMARY SCHOOL,NORTH,N5,12,1,0,141,1.43466535,103.7978405,PRIMARY,1414,198,64,262,184,45,229,#N/A,#N/A,#N/A,155,39,194,154,49,203,170,78,248,117,56,173
142,WOODLANDS SECONDARY SCHOOL,NORTH,N5,12,0,1,142,1.4396213,103.7743813,SECONDARY,788,113,56,169,120,40,160,106,58,164,93,48,141,106,73,179,121,68,189,86,58,144
143,AHMAD IBRAHIM SECONDARY SCHOOL,NORTH,N6,13,0,1,143,1.436779147,103.8291673,SECONDARY,1151,109,30,139,122,23,145,118,46,164,137,39,176,150,50,200,132,52,184,102,42,144
144,ANDERSON PRIMARY SCHOOL,NORTH,N6,13,1,0,144,1.384309214,103.8414261,PRIMARY,1325,120,27,147,102,19,121,#N/A,#N/A,#N/A,144,35,179,102,31,133,154,35,189,126,33,159
145,CANBERRA SECONDARY SCHOOL,NORTH,N6,13,0,1,145,1.45372065,103.8141799,SECONDARY,1052,145,57,202,137,55,192,135,45,180,130,51,181,127,49,176,119,74,193,100,49,149
146,CHIJ ST. NICHOLAS GIRLS' SCHOOL (PRI),NORTH,N6,13,1,0,146,1.37344905,103.8340777,PRIMARY + SECONDARY,2657,148,36,184,146,29,175,71,13,84,141,26,167,159,34,193,187,41,228,155,30,185
147,CHIJ ST. NICHOLAS GIRLS' SCHOOL (SEC),NORTH,N6,13,0,1,147,1.37344905,103.8340777,PRIMARY + SECONDARY,2657,148,36,184,146,29,175,71,13,84,141,26,167,159,34,193,187,41,228,155,30,185
148,HUAMIN PRIMARY SCHOOL,NORTH,N6,13,1,0,148,1.4268563,103.8442636,PRIMARY,1533,104,53,157,91,30,121,#N/A,#N/A,#N/A,111,43,154,108,43,151,142,63,205,139,66,205
149,NAVAL BASE PRIMARY SCHOOL,NORTH,N6,13,1,0,149,1.41654665,103.8384703,PRIMARY,1589,120,44,164,102,29,131,#N/A,#N/A,#N/A,122,47,169,130,52,182,167,101,268,188,99,287
150,NORTH VIEW PRIMARY SCHOOL,NORTH,N6,13,1,0,150,1.42787341,103.8483452,PRIMARY,1360,119,51,170,130,37,167,#N/A,#N/A,#N/A,90,42,132,118,50,168,155,71,226,130,64,194
151,NORTHBROOKS SECONDARY SCHOOL,NORTH,N6,13,0,1,151,1.4212669,103.8447792,SECONDARY,1061,85,59,144,83,45,128,90,45,135,95,56,151,108,64,172,156,70,226,127,51,178
152,ORCHID PARK SECONDARY SCHOOL,NORTH,N6,13,0,1,152,1.41577935,103.8380948,SECONDARY,1070,103,59,162,95,33,128,112,53,165,109,41,150,109,52,161,137,65,202,106,50,156
153,PEIYING PRIMARY SCHOOL,NORTH,N6,13,1,0,153,1.41777415,103.8303764,PRIMARY,1267,123,49,172,116,30,146,#N/A,#N/A,#N/A,139,37,176,138,38,176,156,67,223,109,62,171
154,SEMBAWANG PRIMARY SCHOOL,NORTH,N6,13,1,0,154,1.44526675,103.8209149,PRIMARY,1238,113,28,141,113,31,144,#N/A,#N/A,#N/A,118,35,153,104,40,144,141,42,183,114,39,153
155,SEMBAWANG SECONDARY SCHOOL,NORTH,N6,13,0,1,155,1.44565285,103.8166628,SECONDARY,874,90,62,152,100,36,136,79,44,123,78,44,122,100,59,159,127,73,200,106,63,169
156,YISHUN PRIMARY SCHOOL,NORTH,N6,13,1,0,156,1.4335987,103.8338869,PRIMARY,1215,141,71,212,140,35,175,#N/A,#N/A,#N/A,124,51,175,130,47,177,141,62,203,104,40,144
157,ADMIRALTY SECONDARY SCHOOL,NORTH,N7,14,0,1,157,1.44591185,103.8029081,SECONDARY,1090,131,75,206,122,59,181,107,74,181,114,57,171,120,75,195,153,81,234,103,76,179
158,CANBERRA PRIMARY SCHOOL,NORTH,N7,14,1,0,158,1.45086265,103.8155806,PRIMARY,1399,112,30,142,137,38,175,#N/A,#N/A,#N/A,109,25,134,114,31,145,156,43,199,146,34,180
159,CHRIST CHURCH SECONDARY SCHOOL,NORTH,N7,14,0,1,159,1.426656,103.7931512,SECONDARY,1110,120,53,173,104,38,142,119,54,173,131,36,167,116,42,158,130,39,169,110,36,146
160,FUCHUN PRIMARY SCHOOL,NORTH,N7,14,1,0,160,1.43072155,103.7782371,PRIMARY,1174,164,69,233,146,59,205,#N/A,#N/A,#N/A,143,43,186,151,60,211,140,78,218,159,68,227
161,FUCHUN SECONDARY SCHOOL,NORTH,N7,14,0,1,161,1.4302889,103.7772694,SECONDARY,180,93,67,160,96,46,142,84,60,144,70,62,132,85,59,144,50,41,91,33,25,58
162,INNOVA PRIMARY SCHOOL,NORTH,N7,14,1,0,162,1.4291943,103.7907449,PRIMARY,1107,118,57,175,111,45,156,#N/A,#N/A,#N/A,133,52,185,134,51,185,150,61,211,111,51,162
163,RIVERSIDE PRIMARY SCHOOL,NORTH,N7,14,1,0,163,1.4472779,103.8018321,PRIMARY,1291,90,33,123,110,29,139,#N/A,#N/A,#N/A,132,48,180,138,47,185,130,79,209,111,50,161
164,SI LING PRIMARY SCHOOL,NORTH,N7,14,1,0,164,1.43275475,103.7857624,PRIMARY,777,150,72,222,133,67,200,#N/A,#N/A,#N/A,119,38,157,102,51,153,103,55,158,97,26,123
165,WELLINGTON PRIMARY SCHOOL,NORTH,N7,14,1,0,165,1.4521303,103.8224227,PRIMARY,1453,185,72,257,174,49,223,#N/A,#N/A,#N/A,158,48,206,155,54,209,165,73,238,141,57,198
166,WOODGROVE SECONDARY SCHOOL,NORTH,N7,14,0,1,166,1.42833185,103.7965492,SECONDARY,1065,112,54,166,99,46,145,98,49,147,107,45,152,115,58,173,124,70,194,100,72,172
167,WOODLANDS PRIMARY SCHOOL,NORTH,N7,14,1,0,167,1.43669555,103.7916902,PRIMARY,1294,172,53,225,145,44,189,#N/A,#N/A,#N/A,134,34,168,132,41,173,134,66,200,108,43,151
168,WOODLANDS RING SECONDARY SCHOOL,NORTH,N7,14,0,1,168,1.436023,103.8004353,SECONDARY,1019,135,62,197,145,58,203,141,50,191,130,68,198,142,63,205,143,71,214,94,54,148
169,ANG MO KIO PRIMARY SCHOOL,SOUTH,S1,15,1,0,169,1.368953,103.8393687,PRIMARY,1102,145,73,218,125,65,190,#N/A,#N/A,#N/A,125,55,180,120,50,170,143,58,201,127,44,171
170,ANG MO KIO SECONDARY SCHOOL,SOUTH,S1,15,0,1,170,1.3676706,103.842545,SECONDARY,1069,82,39,121,90,40,130,108,34,142,106,28,134,105,51,156,115,42,157,79,33,112
171,CHIJ OUR LADY OF THE NATIVITY,SOUTH,S1,15,1,0,171,1.37311065,103.8976899,PRIMARY,1443,114,44,158,133,35,168,#N/A,#N/A,#N/A,75,35,110,84,46,130,118,48,166,94,37,131
172,HOLY INNOCENTS' HIGH SCHOOL,SOUTH,S1,15,0,1,172,1.3716598,103.8957436,SECONDARY,1281,100,47,147,96,45,141,112,45,157,124,42,166,125,46,171,123,49,172,110,41,151
173,HOLY INNOCENTS' PRIMARY SCHOOL,SOUTH,S1,15,1,0,173,1.36708755,103.8938822,PRIMARY,1638,130,39,169,136,19,155,#N/A,#N/A,#N/A,122,21,143,117,30,147,152,51,203,118,35,153
174,JING SHAN PRIMARY SCHOOL,SOUTH,S1,15,1,0,174,1.37216635,103.8520081,PRIMARY,954,82,37,119,81,26,107,#N/A,#N/A,#N/A,99,34,133,108,35,143,105,49,154,93,24,117
175,MAYFLOWER PRIMARY SCHOOL,SOUTH,S1,15,1,0,175,1.37631785,103.8355619,PRIMARY,1135,141,58,199,147,61,208,#N/A,#N/A,#N/A,93,37,130,85,36,121,108,33,141,91,28,119
176,MAYFLOWER SECONDARY SCHOOL,SOUTH,S1,15,0,1,176,1.36906525,103.8357708,SECONDARY,853,120,40,160,106,30,136,112,38,150,96,30,126,83,28,111,65,31,96,64,34,98
177,PRESBYTERIAN HIGH SCHOOL,SOUTH,S1,15,0,1,177,1.3832006,103.8428599,SECONDARY,1063,132,35,167,107,33,140,103,42,145,95,44,139,102,44,146,126,41,167,101,30,131
178,PUNGGOL PRIMARY SCHOOL,SOUTH,S1,15,1,0,178,1.37813115,103.8947545,PRIMARY,1235,150,41,191,143,33,176,#N/A,#N/A,#N/A,134,31,165,149,45,194,159,67,226,123,43,166
179,SERANGOON GARDEN SECONDARY SCHOOL,SOUTH,S1,15,0,1,179,1.3696622,103.8689838,SECONDARY,1158,161,51,212,143,44,187,162,47,209,147,74,221,140,92,232,175,89,264,133,76,209
180,YIO CHU KANG SECONDARY SCHOOL,SOUTH,S1,15,0,1,180,1.37847985,103.842108,SECONDARY,1022,63,33,96,61,32,93,68,30,98,102,28,130,75,32,107,122,64,186,113,54,167
181,ANGLO-CHINESE SCHOOL (INDEP),SOUTH,S2,16,0,1,181,1.30322315,103.7806778,SECONDARY,1724,172,35,207,161,19,180,176,26,202,187,35,222,165,27,192,185,41,226,104,21,125
182,BLANGAH RISE PRIMARY SCHOOL,SOUTH,S2,16,1,0,182,1.27640575,103.80881,PRIMARY,542,54,35,89,60,14,74,#N/A,#N/A,#N/A,27,17,44,34,19,53,43,20,63,38,10,48
183,BUKIT MERAH SECONDARY SCHOOL,SOUTH,S2,16,0,1,183,1.28589275,103.8129925,SECONDARY,931,94,49,143,124,62,186,99,58,157,102,47,149,93,60,153,92,63,155,92,40,132
184,CRESCENT GIRLS' SCHOOL,SOUTH,S2,16,0,1,184,1.2934392,103.8180238,SECONDARY,976,88,22,110,71,22,93,78,19,97,71,19,90,83,14,97,90,27,117,79,23,102
185,FAIRFIELD METHODIST SCHOOL (PRI),SOUTH,S2,16,1,0,185,1.3012022,103.7860313,PRIMARY,1639,121,29,150,115,18,133,#N/A,#N/A,#N/A,115,20,135,96,16,112,126,30,156,94,29,123
186,FAIRFIELD METHODIST SCHOOL (SEC),SOUTH,S2,16,0,1,186,1.3020215,103.7843993,SECONDARY,1060,107,36,143,99,35,134,91,37,128,97,32,129,85,31,116,92,33,125,62,25,87
187,KENT RIDGE SECONDARY SCHOOL,SOUTH,S2,16,0,1,187,1.3013316,103.7650463,SECONDARY,1167,143,50,193,118,50,168,130,50,180,129,44,173,93,55,148,126,46,172,103,30,133
188,NEW TOWN PRIMARY SCHOOL,SOUTH,S2,16,1,0,188,1.29981365,103.79984,PRIMARY,1085,142,57,199,138,38,176,#N/A,#N/A,#N/A,99,33,132,99,41,140,109,45,154,91,35,126
189,PEI TONG PRIMARY SCHOOL,SOUTH,S2,16,1,0,189,1.3162677,103.7677645,PRIMARY,1496,99,56,155,123,40,163,#N/A,#N/A,#N/A,143,30,173,119,24,143,120,41,161,91,34,125
190,QUEENSTOWN PRIMARY SCHOOL,SOUTH,S2,16,1,0,190,1.2960266,103.8078385,PRIMARY,1371,136,47,183,112,27,139,#N/A,#N/A,#N/A,111,20,131,90,24,114,122,50,172,105,35,140
191,QUEENSTOWN SECONDARY SCHOOL,SOUTH,S2,16,0,1,191,1.2932897,103.8132567,SECONDARY,1029,139,58,197,117,39,156,106,39,145,116,34,150,118,43,161,106,60,166,92,52,144
192,QUEENSWAY SECONDARY SCHOOL,SOUTH,S2,16,0,1,192,1.3004452,103.8019077,SECONDARY,1078,128,41,169,99,32,131,126,41,167,111,55,166,111,47,158,115,56,171,97,39,136
193,TANGLIN SECONDARY SCHOOL,SOUTH,S2,16,0,1,193,1.309941,103.757828,SECONDARY,,136,70,206,98,54,152,76,28,104,66,28,94,60,36,96,62,30,92,#N/A,#N/A,#N/A
194,ANGLO-CHINESE SCHOOL (BARKER ROAD),SOUTH,S3,17,0,1,194,1.3197094,103.8356614,SECONDARY,1310,188,48,236,193,47,240,163,37,200,160,39,199,157,50,207,171,56,227,129,54,183
195,ANGLO-CHINESE SCHOOL (PRI),SOUTH,S3,17,1,0,195,1.31875235,103.8350769,PRIMARY,1579,153,28,181,146,24,170,#N/A,#N/A,#N/A,121,18,139,126,11,137,149,26,175,137,14,151
196,BEATTY SECONDARY SCHOOL,SOUTH,S3,17,0,1,196,1.3417851,103.8522734,SECONDARY,1087,118,57,175,168,64,232,153,70,223,133,64,197,132,66,198,142,81,223,103,49,152
197,CHIJ PRIMARY SCHOOL (TOA PAYOH),SOUTH,S3,17,1,0,197,1.3331269,103.842403,PRIMARY,1331,62,16,78,56,16,72,#N/A,#N/A,#N/A,76,15,91,66,17,83,97,26,123,83,22,105
198,CHIJ SECONDARY SCHOOL (TOA PAYOH),SOUTH,S3,17,0,1,198,1.3326721,103.8428466,SECONDARY,1224,119,51,170,120,35,155,109,38,147,109,41,150,110,42,152,100,48,148,79,43,122
199,FIRST TOA PAYOH PRIMARY SCHOOL,SOUTH,S3,17,1,0,199,1.3404649,103.8558675,PRIMARY,722,112,43,155,102,38,140,#N/A,#N/A,#N/A,67,19,86,65,16,81,87,37,124,69,27,96
200,KHENG CHENG SCHOOL,SOUTH,S3,17,1,0,200,1.33703365,103.8474423,PRIMARY,1450,131,42,173,146,39,185,#N/A,#N/A,#N/A,118,38,156,108,43,151,180,65,245,131,45,176
201,MARYMOUNT CONVENT SCHOOL,SOUTH,S3,17,1,0,201,1.3402824,103.8397563,PRIMARY,1311,103,37,140,98,24,122,#N/A,#N/A,#N/A,90,19,109,95,20,115,99,31,130,90,19,109
202,NATIONAL JUNIOR COLLEGE (JUNIOR HIGH),SOUTH,S3,17,0,1,202,1.330727,103.8044167,SECONDARY,818,55,14,69,49,11,60,54,9,63,49,8,57,43,10,53,109,31,140,38,8,46
203,PEI CHUN PUBLIC SCHOOL,SOUTH,S3,17,1,0,203,1.3362704,103.855697,PRIMARY,1800,190,31,221,146,19,165,#N/A,#N/A,#N/A,140,18,158,136,19,155,186,64,250,171,45,216
204,RAFFLES GIRLS' PRIMARY SCHOOL,SOUTH,S3,17,1,0,204,1.33026845,103.806127,PRIMARY,1678,98,24,122,90,16,106,#N/A,#N/A,#N/A,85,19,104,76,27,103,98,28,126,77,20,97
205,ST. MARGARET'S SECONDARY SCHOOL,SOUTH,S3,17,0,1,205,1.32043285,103.8096835,SECONDARY,1059,119,44,163,118,34,152,120,35,155,99,45,144,88,47,135,100,46,146,74,38,112
206,ALEXANDRA PRIMARY SCHOOL,SOUTH,S4,18,1,0,206,1.2913617,103.82409,PRIMARY,1225,31,10,41,61,10,71,#N/A,#N/A,#N/A,88,18,106,99,20,119,118,27,145,95,28,123
207,CANTONMENT PRIMARY SCHOOL,SOUTH,S4,18,1,0,207,1.2758142,103.8398884,PRIMARY,1112,116,38,154,110,27,137,#N/A,#N/A,#N/A,110,32,142,95,28,123,119,34,153,99,29,128
208,CHIJ (KELLOCK),SOUTH,S4,18,1,0,208,1.274664,103.8280551,PRIMARY,1167,78,27,105,69,19,88,#N/A,#N/A,#N/A,73,15,88,71,18,89,90,30,120,76,27,103
209,CHIJ ST. THERESA'S CONVENT,SOUTH,S4,18,0,1,209,1.27614885,103.8222477,SECONDARY,1055,75,44,119,97,29,126,98,40,138,108,39,147,94,46,140,103,51,154,89,50,139
210,GAN ENG SENG PRIMARY SCHOOL,SOUTH,S4,18,1,0,210,1.28587615,103.8152417,PRIMARY,912,111,33,144,120,30,150,#N/A,#N/A,#N/A,118,28,146,126,36,162,120,51,171,86,45,131
211,GAN ENG SENG SCHOOL,SOUTH,S4,18,0,1,211,1.2894326,103.8236379,SECONDARY,1010,134,42,176,133,40,173,121,31,152,121,29,150,119,34,153,119,49,168,88,35,123
212,HONG WEN SCHOOL,SOUTH,S4,18,1,0,212,1.32178305,103.8575269,PRIMARY,1268,115,29,144,102,22,124,#N/A,#N/A,#N/A,89,18,107,97,27,124,131,40,171,103,28,131
213,NORTHLIGHT SCHOOL,SOUTH,S4,18,0,1,213,1.31946105,103.8556118,SECONDARY,776,86,51,137,78,45,123,79,39,118,77,36,113,86,63,149,94,71,165,72,50,122
214,OUTRAM SECONDARY SCHOOL,SOUTH,S4,18,0,1,214,1.28627625,103.8371267,SECONDARY,520,92,40,132,82,28,110,85,39,124,74,33,107,77,36,113,75,38,113,66,30,96
215,RADIN MAS PRIMARY SCHOOL,SOUTH,S4,18,1,0,215,1.2750442,103.8240239,PRIMARY,1218,122,41,163,126,29,155,#N/A,#N/A,#N/A,123,36,159,120,36,156,116,46,162,109,26,135
216,RIVER VALLEY PRIMARY SCHOOL,SOUTH,S4,18,1,0,216,1.2939,103.8364,PRIMARY,1344,121,34,155,129,25,154,#N/A,#N/A,#N/A,106,24,130,88,26,114,140,28,168,113,21,134
217,SCHOOL OF THE ARTS,SOUTH,S4,18,0,1,217,1.299297,103.8487409,SECONDARY,768,55,15,70,62,10,72,58,7,65,61,11,72,54,15,69,61,20,81,37,10,47
218,ZHANGDE PRIMARY SCHOOL,SOUTH,S4,18,1,0,218,1.28406155,103.8261569,PRIMARY,1186,107,36,143,99,21,120,103,13,116,81,22,103,108,26,134,109,50,159,89,31,120
219,ANGLO-CHINESE SCHOOL (JUNIOR),SOUTH,S5,19,1,0,219,1.3091048,103.8414098,PRIMARY,1638,170,32,202,132,28,160,#N/A,#N/A,#N/A,137,15,152,124,21,145,163,24,187,119,15,134
220,BENDEMEER PRIMARY SCHOOL,SOUTH,S5,19,1,0,220,1.3222744,103.8651292,PRIMARY,1219,110,44,154,106,33,139,#N/A,#N/A,#N/A,148,61,209,154,53,207,156,77,233,129,53,182
221,BENDEMEER SECONDARY SCHOOL,SOUTH,S5,19,0,1,221,1.324497,103.86143,SECONDARY,1015,118,53,171,113,48,161,113,49,162,92,50,142,110,59,169,146,72,218,113,59,172
222,FARRER PARK PRIMARY SCHOOL,SOUTH,S5,19,1,0,222,1.3123692,103.8507914,PRIMARY,1193,75,23,98,73,20,93,#N/A,#N/A,#N/A,73,18,91,67,16,83,97,33,130,121,44,165
223,ST. ANDREW'S JUNIOR SCHOOL,SOUTH,S5,19,1,0,223,1.3314877,103.8650956,PRIMARY,1449,162,32,194,174,29,203,#N/A,#N/A,#N/A,166,30,196,141,35,176,160,49,209,122,38,160
224,ST. ANDREW'S SECONDARY SCHOOL,SOUTH,S5,19,0,1,224,1.33111015,103.8661242,SECONDARY,1178,155,52,207,159,51,210,166,47,213,171,55,226,178,68,246,186,57,243,164,46,210
225,ST. JOSEPH'S INSTITUTION,SOUTH,S5,19,0,1,225,1.3242,103.8283264,SECONDARY,1484,117,20,137,116,20,136,117,15,132,118,18,136,125,18,143,175,28,203,86,17,103
226,ST. JOSEPH'S INSTITUTION JUNIOR,SOUTH,S5,19,1,0,226,1.31751305,103.8463183,PRIMARY,1450,156,40,196,136,18,154,#N/A,#N/A,#N/A,137,20,157,137,30,167,172,30,202,122,24,146
227,ST. MARGARET'S PRIMARY SCHOOL,SOUTH,S5,19,1,0,227,1.324296,103.8816928,PRIMARY,1152,110,37,147,94,24,118,#N/A,#N/A,#N/A,65,22,87,71,28,99,80,38,118,78,23,101
228,BARTLEY SECONDARY SCHOOL,SOUTH,S6,20,0,1,228,1.3406552,103.8823271,SECONDARY,1072,120,63,183,98,46,144,98,35,133,98,51,149,128,74,202,147,71,218,103,47,150
229,CEDAR PRIMARY SCHOOL,SOUTH,S6,20,1,0,229,1.33553125,103.8754848,PRIMARY,1242,68,14,82,59,13,72,#N/A,#N/A,#N/A,119,32,151,109,47,156,136,49,185,114,41,155
230,CHIJ OUR LADY OF GOOD COUNSEL,SOUTH,S6,20,1,0,230,1.35775385,103.8638906,PRIMARY,931,69,17,86,69,17,86,#N/A,#N/A,#N/A,61,13,74,56,17,73,73,14,87,69,15,84
231,PEICAI SECONDARY SCHOOL,SOUTH,S6,20,0,1,231,1.35938135,103.8706469,SECONDARY,1120,67,45,112,85,39,124,87,54,141,97,43,140,112,49,161,131,55,186,116,55,171
232,ST. GABRIEL'S PRIMARY SCHOOL,SOUTH,S6,20,1,0,232,1.3496952,103.8621682,PRIMARY,923,86,25,111,77,21,98,#N/A,#N/A,#N/A,75,21,96,70,22,92,92,27,119,78,22,100
233,ST. GABRIEL'S SECONDARY SCHOOL,SOUTH,S6,20,0,1,233,1.346723,103.8754373,SECONDARY,1255,127,28,155,121,39,160,131,33,164,137,41,178,131,48,179,158,63,221,116,45,161
234,XINGHUA PRIMARY SCHOOL,SOUTH,S6,20,1,0,234,1.3580028,103.890515,PRIMARY,1123,135,51,186,129,39,168,#N/A,#N/A,#N/A,122,35,157,112,42,154,126,63,189,115,37,152
235,YANGZHENG PRIMARY SCHOOL,SOUTH,S6,20,1,0,235,1.34876345,103.868425,PRIMARY,1104,115,36,151,97,15,112,#N/A,#N/A,#N/A,90,17,107,90,18,108,120,27,147,81,22,103
236,YUYING SECONDARY SCHOOL,SOUTH,S6,20,0,1,236,1.35709395,103.890709,SECONDARY,1169,107,59,166,104,37,141,98,45,143,124,44,168,128,63,191,186,77,263,131,64,195
237,ZHONGHUA PRIMARY SCHOOL,SOUTH,S6,20,1,0,237,1.35986,103.8696577,PRIMARY,714,109,40,149,115,30,145,#N/A,#N/A,#N/A,132,33,165,95,35,130,93,38,131,75,26,101
238,ZHONGHUA SECONDARY SCHOOL,SOUTH,S6,20,0,1,238,1.34851635,103.869346,SECONDARY,1274,97,42,139,99,38,137,77,31,108,84,33,117,86,45,131,96,51,147,89,46,135
239,AI TONG SCHOOL,SOUTH,S7,21,1,0,239,1.36071255,103.8330175,PRIMARY,1816,148,26,174,144,24,168,#N/A,#N/A,#N/A,132,28,160,137,29,166,163,51,214,133,25,158
240,DEYI SECONDARY SCHOOL,SOUTH,S7,21,0,1,240,1.36674255,103.8521119,SECONDARY,1106,138,43,181,115,44,159,124,48,172,105,49,154,105,68,173,126,60,186,94,50,144
241,GUANGYANG PRIMARY SCHOOL,SOUTH,S7,21,1,0,241,1.345753,103.8493097,PRIMARY,,42,17,59,54,15,69,#N/A,#N/A,#N/A,60,21,81,70,25,95,55,21,76,#N/A,#N/A,#N/A
242,GUANGYANG SECONDARY SCHOOL,SOUTH,S7,21,0,1,242,1.34467265,103.8499513,SECONDARY,952,110,50,160,134,47,181,133,62,195,126,64,190,132,55,187,141,75,216,82,72,154
243,KUO CHUAN PRESBYTERIAN PRIMARY SCHOOL,SOUTH,S7,21,1,0,243,1.34921495,103.8550069,PRIMARY,1446,97,24,121,80,10,90,#N/A,#N/A,#N/A,76,8,84,98,21,119,137,39,176,108,25,133
244,KUO CHUAN PRESBYTERIAN SECONDARY SCHOOL,SOUTH,S7,21,0,1,244,1.3508434,103.8546693,SECONDARY,1162,100,32,132,109,29,138,109,20,129,90,24,114,91,28,119,99,36,135,73,31,104
245,PEIRCE SECONDARY SCHOOL,SOUTH,S7,21,0,1,245,1.3664814,103.8295331,SECONDARY,820,80,44,124,99,45,144,118,43,161,121,28,149,111,29,140,109,49,158,76,38,114
246,RAFFLES GIRLS' SCHOOL (SEC),SOUTH,S7,21,0,1,246,1.34295555,103.8433071,SECONDARY,1698,82,13,95,81,15,96,85,13,98,74,19,93,83,24,107,87,35,122,83,21,104
247,RAFFLES INST,SOUTH,S7,21,0,1,247,1.3467855,103.8443901,SECONDARY,1644,126,17,143,101,13,114,109,13,122,111,16,127,108,17,125,261,56,317,95,24,119
248,TECK GHEE PRIMARY SCHOOL,SOUTH,S7,21,1,0,248,1.36536405,103.8509424,PRIMARY,1246,130,52,182,144,36,180,#N/A,#N/A,#N/A,145,44,189,136,47,183,148,57,205,108,34,142
249,TOWNSVILLE PRIMARY SCHOOL,SOUTH,S7,21,1,0,249,1.36043645,103.8540368,PRIMARY,1211,98,38,136,95,19,114,#N/A,#N/A,#N/A,123,27,150,108,33,141,128,52,180,166,45,211
250,WHITLEY SECONDARY SCHOOL,SOUTH,S7,21,0,1,250,1.35567945,103.8425576,SECONDARY,788,56,30,86,83,28,111,78,40,118,79,39,118,79,36,115,96,43,139,78,34,112
251,CLEMENTI PRIMARY SCHOOL,WEST,W1,22,1,0,251,1.31556955,103.7632088,PRIMARY,1509,122,48,170,125,51,176,#N/A,#N/A,#N/A,136,34,170,122,44,166,158,51,209,123,36,159
252,CLEMENTI TOWN SECONDARY SCHOOL,WEST,W1,22,0,1,252,1.31566085,103.7619065,SECONDARY,1086,108,56,164,101,52,153,103,44,147,126,37,163,107,43,150,133,43,176,74,39,113
253,HENRY PARK PRIMARY SCHOOL,WEST,W1,22,1,0,253,1.3170569,103.7842163,PRIMARY,1903,130,37,167,109,22,131,#N/A,#N/A,#N/A,129,21,150,136,17,153,168,40,208,130,30,160
254,HWA CHONG INSTITUTION,WEST,W1,22,0,1,254,1.32627975,103.8035258,SECONDARY,1586,119,10,129,86,11,97,114,13,127,117,9,126,150,20,170,227,42,269,104,20,124
255,NAN HUA HIGH SCHOOL,WEST,W1,22,0,1,255,1.3084123,103.7690446,SECONDARY,1264,103,24,127,101,18,119,90,29,119,100,17,117,95,23,118,107,20,127,74,14,88
256,NAN HUA PRIMARY SCHOOL,WEST,W1,22,1,0,256,1.31983825,103.7616751,PRIMARY,1617,148,35,183,155,24,179,#N/A,#N/A,#N/A,149,19,168,150,23,173,143,40,183,121,27,148
257,NEW TOWN SECONDARY SCHOOL,WEST,W1,22,0,1,257,1.30988355,103.7736014,SECONDARY,1050,122,36,158,108,34,142,103,41,144,114,40,154,97,46,143,112,37,149,128,47,175
258,NUS HIGH SCHOOL,WEST,W1,22,0,1,258,1.307286991,103.7694085,SECONDARY,719,55,13,68,46,11,57,39,13,52,46,12,58,47,10,57,107,23,130,44,15,59
259,QIFA PRIMARY SCHOOL,WEST,W1,22,1,0,259,1.31280555,103.756965,PRIMARY,1579,150,68,218,139,35,174,#N/A,#N/A,#N/A,130,37,167,135,38,173,146,57,203,135,46,181
260,YUHUA PRIMARY SCHOOL,WEST,W1,22,1,0,260,1.3428913,103.74096,PRIMARY,1219,127,57,184,126,52,178,#N/A,#N/A,#N/A,104,46,150,104,30,134,116,51,167,116,51,167
261,CHUA CHU KANG PRIMARY SCHOOL,WEST,W2,23,1,0,261,1.37793775,103.7419841,PRIMARY,1449,168,67,235,156,60,216,#N/A,#N/A,#N/A,126,43,169,131,48,179,178,71,249,149,69,218
262,CONCORD PRIMARY SCHOOL,WEST,W2,23,1,0,262,1.38016775,103.7363788,PRIMARY,1434,117,45,162,117,33,150,#N/A,#N/A,#N/A,131,32,163,122,31,153,156,54,210,115,46,161
263,DE LA SALLE SCHOOL,WEST,W2,23,1,0,263,1.3950086,103.7432593,PRIMARY,1459,151,51,202,150,41,191,#N/A,#N/A,#N/A,146,26,172,166,41,207,190,66,256,157,48,205
264,DUNEARN SECONDARY SCHOOL,WEST,W2,23,0,1,264,1.36358465,103.7445462,SECONDARY,1043,98,34,132,82,31,113,77,35,112,82,46,128,96,52,148,139,80,219,118,78,196
265,HILLGROVE SECONDARY SCHOOL,WEST,W2,23,0,1,265,1.3533675,103.7529905,SECONDARY,1117,124,44,168,128,50,178,138,42,180,143,49,192,145,45,190,149,54,203,106,54,160
266,NANYANG GIRLS' HIGH SCHOOL,WEST,W2,23,0,1,266,1.33050835,103.802324,SECONDARY,1600,75,16,91,72,14,86,89,13,102,81,13,94,71,15,86,77,22,99,64,18,82
267,NANYANG PRIMARY SCHOOL,WEST,W2,23,1,0,267,1.32083185,103.8082166,PRIMARY,2450,193,35,228,184,26,210,#N/A,#N/A,#N/A,206,41,247,212,44,256,207,54,261,160,39,199
268,SOUTH VIEW PRIMARY SCHOOL,WEST,W2,23,1,0,268,1.381635043,103.7471129,PRIMARY,1674,116,47,163,145,51,196,#N/A,#N/A,#N/A,148,41,189,153,47,200,183,62,245,170,46,216
269,UNITY PRIMARY SCHOOL,WEST,W2,23,1,0,269,1.40273665,103.7467533,PRIMARY,1153,131,57,188,116,39,155,#N/A,#N/A,#N/A,113,39,152,118,43,161,168,61,229,108,45,153
270,UNITY SECONDARY SCHOOL,WEST,W2,23,0,1,270,1.39972215,103.7460294,SECONDARY,1121,107,54,161,117,39,156,100,30,130,112,35,147,113,41,154,145,55,200,131,55,186
271,BOON LAY SECONDARY SCHOOL,WEST,W3,24,0,1,271,1.3427581,103.7016738,SECONDARY,772,92,46,138,101,65,166,76,52,128,75,48,123,65,52,117,108,60,168,72,46,118
272,CORPORATION PRIMARY SCHOOL,WEST,W3,24,1,0,272,1.35142845,103.7076954,PRIMARY,1375,164,79,243,151,47,198,#N/A,#N/A,#N/A,128,39,167,158,57,215,165,65,230,135,44,179
273,FRONTIER PRIMARY SCHOOL,WEST,W3,24,1,0,273,1.3369298,103.6996377,PRIMARY,1333,119,36,155,144,39,183,#N/A,#N/A,#N/A,133,40,173,134,35,169,161,47,208,121,34,155
274,JURONG WEST PRIMARY SCHOOL,WEST,W3,24,1,0,274,1.3391,103.6988,PRIMARY,1203,176,56,232,148,36,184,#N/A,#N/A,#N/A,141,30,171,154,39,193,143,54,197,127,40,167
275,JURONG WEST SECONDARY SCHOOL,WEST,W3,24,0,1,275,1.3354612,103.7024026,SECONDARY,1054,136,79,215,120,56,176,151,66,217,151,62,213,146,60,206,147,54,201,92,44,136
276,JUYING SECONDARY SCHOOL,WEST,W3,24,0,1,276,1.3393,103.6872,SECONDARY,999,80,49,129,81,41,122,104,41,145,133,52,185,140,72,212,137,78,215,105,62,167
277,METHODIST GIRLS' SCHOOL (PRI),WEST,W3,24,1,0,277,1.33284035,103.7835765,PRIMARY,1354,74,11,85,66,13,79,#N/A,#N/A,#N/A,46,11,57,59,13,72,88,17,105,72,14,86
278,METHODIST GIRLS' SCHOOL (SEC),WEST,W3,24,0,1,278,1.33284035,103.7835765,SECONDARY,1301,68,19,87,74,11,85,66,13,79,74,12,86,70,27,97,73,27,100,57,24,81
279,PIONEER PRIMARY SCHOOL,WEST,W3,24,1,0,279,1.3384,103.6881,PRIMARY,526,167,82,249,115,46,161,#N/A,#N/A,#N/A,98,41,139,99,40,139,109,52,161,82,37,119
280,WEST GROVE PRIMARY SCHOOL,WEST,W3,24,1,0,280,1.34468085,103.6989833,PRIMARY,1365,201,73,274,179,49,228,#N/A,#N/A,#N/A,149,36,185,141,42,183,184,56,240,134,48,182
281,WESTWOOD SECONDARY SCHOOL,WEST,W3,24,0,1,281,1.35357275,103.7018025,SECONDARY,1060,151,57,208,145,40,185,111,43,154,117,38,155,114,47,161,142,70,212,98,65,163
282,XINGNAN PRIMARY SCHOOL,WEST,W3,24,1,0,282,1.3431928,103.6877492,PRIMARY,1305,155,76,231,135,61,196,#N/A,#N/A,#N/A,127,35,162,125,28,153,171,80,251,129,42,171
283,BUKIT VIEW PRIMARY SCHOOL,WEST,W4,25,1,0,283,1.34570095,103.7535185,PRIMARY,1312,124,39,163,115,25,140,#N/A,#N/A,#N/A,102,27,129,106,39,145,130,42,172,93,35,128
284,BUKIT VIEW SECONDARY SCHOOL,WEST,W4,25,0,1,284,1.34569905,103.752192,SECONDARY,1052,108,57,165,106,43,149,87,37,124,92,46,138,96,45,141,99,39,138,95,40,135
285,CREST SECONDARY SCHOOL,WEST,W4,25,0,1,285,1.343795,103.7428092,SECONDARY,685,96,75,171,101,51,152,100,59,159,104,76,180,111,87,198,110,106,216,107,77,184
286,DAZHONG PRIMARY SCHOOL,WEST,W4,25,1,0,286,1.3591826,103.7479679,PRIMARY,1201,92,38,130,85,34,119,#N/A,#N/A,#N/A,115,32,147,115,39,154,164,66,230,131,57,188
287,HUA YI SECONDARY SCHOOL,WEST,W4,25,0,1,287,1.3520885,103.7216252,SECONDARY,1073,106,50,156,93,66,159,103,45,148,89,52,141,97,56,153,79,43,122,66,38,104
288,JURONG PRIMARY SCHOOL,WEST,W4,25,1,0,288,1.3487249,103.7330556,PRIMARY,1235,168,64,232,149,52,201,#N/A,#N/A,#N/A,139,36,175,139,33,172,160,57,217,112,44,156
289,JURONG SECONDARY SCHOOL,WEST,W4,25,0,1,289,1.33030995,103.7239742,SECONDARY,1062,127,52,179,131,49,180,134,43,177,115,53,168,118,53,171,127,48,175,92,37,129
290,JURONGVILLE SECONDARY SCHOOL,WEST,W4,25,0,1,290,1.3512965,103.7289774,SECONDARY,1052,115,58,173,98,51,149,104,53,157,141,66,207,122,75,197,131,86,217,109,55,164
291,KEMING PRIMARY SCHOOL,WEST,W4,25,1,0,291,1.3453422,103.756399,PRIMARY,1360,114,28,142,112,17,129,#N/A,#N/A,#N/A,98,29,127,114,32,146,138,44,182,116,38,154
292,LIANHUA PRIMARY SCHOOL,WEST,W4,25,1,0,292,1.35386165,103.7540792,PRIMARY,1295,141,46,187,112,41,153,#N/A,#N/A,#N/A,84,36,120,93,33,126,102,54,156,102,45,147
293,ST. ANTHONY'S PRIMARY SCHOOL,WEST,W4,25,1,0,293,1.364220876,103.7490931,PRIMARY,1370,137,40,177,154,33,187,#N/A,#N/A,#N/A,137,38,175,133,29,162,135,59,194,95,51,146
294,SWISS COTTAGE SECONDARY SCHOOL,WEST,W4,25,0,1,294,1.36456,103.7504331,SECONDARY,1232,109,45,154,112,45,157,107,42,149,122,47,169,129,46,175,157,52,209,114,45,159
295,YUAN CHING SECONDARY SCHOOL,WEST,W4,25,0,1,295,1.34159135,103.7201412,SECONDARY,1076,134,61,195,128,51,179,99,44,143,101,57,158,121,50,171,137,87,224,108,62,170
296,BEACON PRIMARY SCHOOL,WEST,W5,26,1,0,296,1.38411495,103.7738009,PRIMARY,1152,143,65,208,134,53,187,#N/A,#N/A,#N/A,158,46,204,134,49,183,139,70,209,118,47,165
297,BUKIT PANJANG GOVT HIGH SCHOOL,WEST,W5,26,0,1,297,1.38212705,103.7382834,SECONDARY,1120,99,49,148,92,42,134,94,32,126,109,47,156,105,37,142,112,46,158,88,29,117
298,GREENRIDGE SECONDARY SCHOOL (FAJAR SECONDARY SCHOOL),WEST,W5,26,0,1,298,1.3752,103.7642,SECONDARY,1105,111,64,175,68,38,106,49,29,78,58,35,93,64,54,118,77,45,122,120,79,199
299,GREENRIDGE PRIMARY SCHOOL,WEST,W5,26,1,0,299,1.3856168,103.7680048,PRIMARY,1234,153,54,207,139,41,180,#N/A,#N/A,#N/A,135,33,168,132,46,178,168,55,223,128,40,168
300,PEI HWA PRESBYTERIAN PRIMARY SCHOOL,WEST,W5,26,1,0,300,1.3380993,103.7762188,PRIMARY,1436,148,36,184,131,24,155,#N/A,#N/A,#N/A,138,29,167,114,27,141,136,20,156,104,19,123
301,SCH OF SCIENCE AND TECHNOLOGY,WEST,W5,26,0,1,301,1.3131051,103.7737254,SECONDARY,940,50,18,68,56,14,70,65,8,73,56,12,68,65,17,82,83,26,109,69,18,87
302,TECK WHYE PRIMARY SCHOOL,WEST,W5,26,1,0,302,1.3838509,103.7536535,PRIMARY,1150,80,51,131,91,36,127,#N/A,#N/A,#N/A,104,33,137,109,39,148,160,73,233,107,60,167
303,WEST SPRING SECONDARY SCHOOL,WEST,W5,26,0,1,303,1.38828505,103.7598736,SECONDARY,1123,104,44,148,114,38,152,118,34,152,112,39,151,101,40,141,104,47,151,75,39,114
304,WEST VIEW PRIMARY SCHOOL,WEST,W5,26,1,0,304,1.38358885,103.7599934,PRIMARY,912,115,45,160,106,33,139,#N/A,#N/A,#N/A,68,27,95,78,20,98,84,32,116,69,37,106
305,ZHENGHUA PRIMARY SCHOOL,WEST,W5,26,1,0,305,1.3794259,103.7696661,PRIMARY,1351,155,70,225,134,38,172,155,58,213,129,37,166,139,61,200,164,80,244,135,64,199
306,ZHENGHUA SECONDARY SCHOOL,WEST,W5,26,0,1,306,1.3895029,103.7651957,SECONDARY,1117,110,42,152,117,44,161,117,36,153,103,43,146,112,48,160,115,45,160,114,38,152
307,ASSUMPTION ENGLISH SCHOOL,WEST,W6,27,0,1,307,1.368102,103.766105,SECONDARY,870,66,32,98,54,16,70,54,27,81,88,22,110,72,22,94,101,45,146,92,38,130
308,ASSUMPTION PATHWAY SCHOOL,WEST,W6,27,0,1,308,1.37022425,103.7664289,SECONDARY,565,76,54,130,57,53,110,61,45,106,46,41,87,52,45,97,50,57,107,40,53,93
309,BOON LAY GARDEN PRIMARY SCHOOL,WEST,W6,27,1,0,309,1.3428882,103.7129331,PRIMARY,1275,121,70,191,94,31,125,#N/A,#N/A,#N/A,138,59,197,120,62,182,152,82,234,128,64,192
310,BUKIT PANJANG PRIMARY SCHOOL,WEST,W6,27,1,0,310,1.37341685,103.7694303,PRIMARY,1458,151,56,207,127,54,181,#N/A,#N/A,#N/A,124,32,156,136,41,177,175,53,228,130,36,166
311,CHIJ OUR LADY QUEEN OF PEACE,WEST,W6,27,1,0,311,1.36644755,103.7681471,PRIMARY,1056,78,28,106,74,15,89,#N/A,#N/A,#N/A,82,9,91,87,18,105,84,18,102,56,20,76
312,KRANJI PRIMARY SCHOOL,WEST,W6,27,1,0,312,1.39393915,103.7471551,PRIMARY,612,125,56,181,108,46,154,#N/A,#N/A,#N/A,86,20,106,66,21,87,62,15,77,52,13,65
313,KRANJI SECONDARY SCHOOL,WEST,W6,27,0,1,313,1.39047655,103.741139,SECONDARY,1060,125,39,164,119,39,158,108,35,143,114,43,157,96,48,144,99,52,151,97,53,150
314,REGENT SECONDARY SCHOOL,WEST,W6,27,0,1,314,1.39351375,103.7510121,SECONDARY,1030,114,57,171,93,52,145,113,53,166,92,49,141,80,47,127,100,61,161,93,45,138
315,CHUA CHU KANG SECONDARY SCHOOL (TECK WHYE SECONDARY SCHOOL),WEST,W6,27,0,1,315,1.3834,103.75545,SECONDARY,1226,119,81,200,101,60,161,92,59,151,105,51,156,90,61,151,112,78,190,147,80,227
316,WEST SPRING PRIMARY SCHOOL,WEST,W6,27,1,0,316,1.38952295,103.7662653,PRIMARY,1413,63,17,80,89,13,102,#N/A,#N/A,#N/A,131,29,160,107,25,132,103,47,150,90,43,133
317,WESTWOOD PRIMARY SCHOOL,WEST,W6,27,1,0,317,1.34744235,103.700513,PRIMARY,1428,89,37,126,104,32,136,#N/A,#N/A,#N/A,121,38,159,129,61,190,147,60,207,114,56,170
318,YEW TEE PRIMARY SCHOOL,WEST,W6,27,1,0,318,1.39696185,103.751093,PRIMARY,1239,102,22,124,123,21,144,#N/A,#N/A,#N/A,124,22,146,113,28,141,148,40,188,132,39,171
319,BUKIT BATOK SECONDARY SCHOOL,WEST,W7,28,0,1,319,1.3484109,103.7407154,SECONDARY,1102,128,45,173,136,48,184,120,36,156,115,49,164,120,52,172,122,53,175,97,42,139
320,BUKIT TIMAH PRIMARY SCHOOL,WEST,W7,28,1,0,320,1.33751905,103.7668494,PRIMARY,1158,72,18,90,73,12,85,#N/A,#N/A,#N/A,54,14,68,61,13,74,109,21,130,91,20,111
321,COMMONWEALTH SECONDARY SCHOOL,WEST,W7,28,0,1,321,1.31977715,103.7457295,SECONDARY,1059,97,42,139,96,38,134,98,26,124,117,44,161,128,50,178,122,70,192,99,49,148
322,FUHUA PRIMARY SCHOOL,WEST,W7,28,1,0,322,1.33648535,103.7364545,PRIMARY,1287,123,60,183,131,44,175,#N/A,#N/A,#N/A,108,38,146,126,46,172,167,71,238,143,55,198
323,FUHUA SECONDARY SCHOOL,WEST,W7,28,0,1,323,1.34731075,103.7270228,SECONDARY,1129,114,49,163,128,28,156,110,37,147,109,30,139,103,39,142,114,47,161,91,41,132
324,LAKESIDE PRIMARY SCHOOL,WEST,W7,28,1,0,324,1.3383897,103.7179816,PRIMARY,1434,165,75,240,140,52,192,#N/A,#N/A,#N/A,161,48,209,166,46,212,158,60,218,140,43,183
325,PRINCESS ELIZABETH PRIMARY SCHOOL,WEST,W7,28,1,0,325,1.3493822,103.7409542,PRIMARY,1268,131,51,182,159,40,199,#N/A,#N/A,#N/A,149,32,181,138,40,178,151,67,218,124,53,177
326,RIVER VALLEY HIGH SCHOOL,WEST,W7,28,0,1,326,1.3433748,103.7093058,SECONDARY,1205,84,12,96,80,16,96,93,11,104,86,15,101,76,16,92,140,42,182,60,15,75
327,RULANG PRIMARY SCHOOL,WEST,W7,28,1,0,327,1.34660905,103.718737,PRIMARY,1685,148,63,211,160,33,193,#N/A,#N/A,#N/A,135,36,171,161,43,204,167,54,221,157,48,205
328,SHUQUN PRIMARY SCHOOL,WEST,W7,28,1,0,328,1.34712705,103.7215902,PRIMARY,1237,141,58,199,163,50,213,#N/A,#N/A,#N/A,156,37,193,127,30,157,148,43,191,105,33,138
329,YUHUA SECONDARY SCHOOL,WEST,W7,28,0,1,329,1.347278031,103.7223139,SECONDARY,1133,118,50,168,108,50,158,110,50,160,106,58,164,106,54,160,112,47,159,63,50,113